INSERT INTO `aluno` (`id_aluno`, `nome`, `matricula`, `curso`, `serie`, `telefone_responsavel`) VALUES
(7, 'Leonardo Silva', '12345678', 'Informática', 3, '88982275707'),
(8, 'Jimmy Gomes', '12345679', 'Informática', 3, '88982275707'),
(10, 'Luis Marques', '3184391', 'Enfermagem', 2, '88982275705'),
(11, 'Ana Silva', '2026001', 'Informática', 1, '85999990001'),
(12, 'Bruno Santos', '2026002', 'Enfermagem', 2, '85999990002'),
(13, 'Carlos Oliveira', '2026003', 'DS', 3, '85999990003'),
(14, 'Daniela Souza', '2026004', 'Administração', 1, '85999990004'),
(15, 'Eduardo Lima', '2026005', 'Informática', 2, '85999990005'),
(16, 'Fernanda Costa', '2026006', 'Enfermagem', 3, '85999990006'),
(17, 'Gabriel Almeida', '2026007', 'DS', 1, '85999990007'),
(18, 'Helena Rocha', '2026008', 'Administração', 2, '85999990008'),
(19, 'Igor Martins', '2026009', 'Informática', 3, '85999990009'),
(20, 'Juliana Pereira', '2026010', 'Enfermagem', 1, '85999990010'),
(21, 'Kaique Ferreira', '2026011', 'DS', 2, '85999990011'),
(22, 'Larissa Gomes', '2026012', 'Administração', 3, '85999990012'),
(23, 'Mateus Ribeiro', '2026013', 'Informática', 1, '85999990013'),
(24, 'Natália Barbosa', '2026014', 'Enfermagem', 2, '85999990014'),
(25, 'Otávio Carvalho', '2026015', 'DS', 3, '85999990015'),
(26, 'Patrícia Melo', '2026016', 'Administração', 1, '85999990016'),
(27, 'Rafael Dias', '2026017', 'Informática', 2, '85999990017'),
(28, 'Sabrina Teixeira', '2026018', 'Enfermagem', 3, '85999990018'),
(29, 'Thiago Nunes', '2026019', 'DS', 1, '85999990019'),
(30, 'Vanessa Araújo', '2026020', 'Administração', 2, '85999990020'),
(31, 'William Castro', '2026021', 'Informática', 3, '85999990021'),
(32, 'Yasmin Lopes', '2026022', 'Enfermagem', 1, '85999990022'),
(33, 'Zeca Andrade', '2026023', 'DS', 2, '85999990023'),
(34, 'Amanda Freitas', '2026024', 'Administração', 3, '85999990024'),
(35, 'Beatriz Monteiro', '2026025', 'Informática', 1, '85999990025'),
(36, 'Caio Moreira', '2026026', 'Enfermagem', 2, '85999990026'),
(37, 'Débora Cunha', '2026027', 'DS', 3, '85999990027'),
(38, 'Erick Viana', '2026028', 'Administração', 1, '85999990028'),
(39, 'Flávia Mendes', '2026029', 'Informática', 2, '85999990029'),
(40, 'Gustavo Torres', '2026030', 'Enfermagem', 3, '85999990030'),
(41, 'Heloísa Farias', '2026031', 'DS', 1, '85999990031'),
(42, 'Isaac Pinheiro', '2026032', 'Administração', 2, '85999990032'),
(43, 'Joana Alves', '2026033', 'Informática', 3, '85999990033'),
(44, 'Kevin Batista', '2026034', 'Enfermagem', 1, '85999990034'),
(45, 'Letícia Moraes', '2026035', 'DS', 2, '85999990035'),
(46, 'Marcos Rezende', '2026036', 'Administração', 3, '85999990036'),
(47, 'Nicole Fernandes', '2026037', 'Informática', 1, '85999990037'),
(48, 'Paulo Henrique', '2026038', 'Enfermagem', 2, '85999990038'),
(49, 'Queila Rodrigues', '2026039', 'DS', 3, '85999990039'),
(50, 'Rodrigo Sales', '2026040', 'Administração', 1, '85999990040'),
(51, 'Sara Martins', '2026041', 'Informática', 2, '85999990041'),
(52, 'Tiago Bezerra', '2026042', 'Enfermagem', 3, '85999990042'),
(53, 'Ubirajara Costa', '2026043', 'DS', 1, '85999990043'),
(54, 'Vitória Ramos', '2026044', 'Administração', 2, '85999990044'),
(55, 'Wesley Fonseca', '2026045', 'Informática', 3, '85999990045'),
(56, 'Xênia Duarte', '2026046', 'Enfermagem', 1, '85999990046'),
(57, 'Yuri Cardoso', '2026047', 'DS', 2, '85999990047'),
(58, 'Zilda Moura', '2026048', 'Administração', 3, '85999990048'),
(59, 'Arthur Lopes', '2026049', 'Informática', 1, '85999990049'),
(60, 'Camila Nogueira', '2026050', 'Enfermagem', 2, '85999990050');

INSERT INTO `funcionario` (`id_funcionario`, `nome`, `cargo`, `email`, `senha`, `serie`, `curso`) VALUES
(1, 'Admin', 'Admin', 'admin1@gmail.com', '$2y$10$NWFRXGJBOMbIJdwSWZR9c.pjxOOK/RgwfywaDELFwiM1nEATcj50u', NULL, NULL),
(2, 'Zilmar', 'Coordenador', 'zilmar@gmail.com', '$2y$10$C77CpRWVOaN.aKJOY5.p9ucsIuutsDdqNOJk2lwiKfh638gNn0MnG', NULL, NULL),
(3, 'Poliana', 'Diretor', 'diretor@gmail.com', '$2y$10$jZKIcSxIcN/OY7.Y8kA/ie4pLIut50uldXUm6UGXElBWSsleZoOPu', NULL, NULL),
(4, 'Glaylton', 'Coordenador', 'glaylton@gmail.com', '$2y$10$Xgirq0qC9svx2GbZS5DZde6tAAx2Wugfb/xa7pEV0UMrdjmWi3Pdi', NULL, NULL),
(5, 'Laís', 'DT', 'lais@gmail.com', '$2y$10$j2X4PlJ.M7d4xEfJiuypF.Vb.1qetkIKdWYpCPSIN8xGp7XSwfz46', 3, 'Informática');
-- A senha de admin é "admin123"

INSERT INTO `ocorrencia` (`id_ocorrencia`, `data`, `tipo_ocorrencia`, `descricao`, `fk_aluno_id_aluno`, `fk_funcionario_id_funcionario`) VALUES
(54, '2026-05-08', 'Danos ao patrimônio', 'Aluno riscou a carteira da sala.', 13, 4),
(55, '2026-05-09', 'Preconceito ou indiscriminação', 'Comentários ofensivos direcionados a colega.', 14, 4),
(56, '2026-05-12', 'Indisciplina', 'Interrupções frequentes durante a aula.', 15, 4),
(57, '2026-05-13', 'Descumprimento de regras', 'Saída da sala sem autorização.', 16, 4),
(58, '2026-05-14', 'Sem material didático', 'Ausência do livro didático solicitado.', 17, 4),
(59, '2026-05-15', 'Danos ao patrimônio', 'Dano em equipamento escolar.', 18, 4),
(60, '2026-05-16', 'Preconceito ou indiscriminação', 'Atitude discriminatória contra colega.', 19, 4),
(61, '2026-05-19', 'Indisciplina', 'Comportamento inadequado em atividade coletiva.', 20, 4),
(62, '2026-05-20', 'Descumprimento de regras', 'Não cumprimento das normas do laboratório.', 21, 4),
(63, '2026-05-21', 'Sem material didático', 'Não apresentou o material para aula prática.', 22, 4),
(64, '2026-05-22', 'Danos ao patrimônio', 'Quebra de cadeira durante o intervalo.', 23, 4),
(65, '2026-05-23', 'Preconceito ou indiscriminação', 'Utilização de linguagem discriminatória.', 24, 4);